/**********************************
  		RETREAT_HOUSE INSERT
 ***********************************/
INSERT INTO TB_RETREAT_HOUSE (ID_RETREAT_HOUSE, DS_NAME, DS_RESPONSABLE, DS_EMAIL, DS_PHONENUMBER, BL_RETREAT_HOUSE_ACTIVE ,BL_RETREAT_HOUSE_DELETED) VALUES(100, 'Casa do Alto da Boa Vista', 'João', 'casadoalto@google.com', '(21) 97344-0067',1 ,0);
INSERT INTO TB_RETREAT_HOUSE (ID_RETREAT_HOUSE, DS_NAME, DS_RESPONSABLE, DS_EMAIL, DS_PHONENUMBER, BL_RETREAT_HOUSE_ACTIVE ,BL_RETREAT_HOUSE_DELETED) VALUES(101, 'Casa de Retiro do Mendanha', 'Maria', '1@google.com', '(21) 97344-0062',1 ,0);

/**********************************
  		RETREAT INSERT
 ***********************************/
INSERT INTO TB_RETREAT(
  ID_RETREAT, NUM_RETREAT, DS_COORDINATOR, DS_BASE, DS_TREASURER, DS_SECOND_TREASURER, DS_SECRETARY, DS_SECOND_SECRETARY, DS_CHEF, DS_SECOND_CHEF, DS_EXTERNAL_HEAD, DS_SECOND_EXTERNAL_HEAD, DT_RETREAT, BL_RETREAT_ACTIVE, BL_RETREAT_DELETED, XID_RETREAT_HOUSE, DS_TYPE, DS_SECTOR) 
  VALUES (100, 452, 'DS_COORDINATOR', 'DS_BASE', 'DS_TREASURER', 'DS_SECOND_TREASURER', 'DS_SECRETARY', 'DS_SECOND_SECRETARY', 'DS_CHEF', 'DS_SECOND_CHEF', 'DS_EXTERNAL_HEAD', 'DS_SECOND_EXTERNAL_HEAD', {ts '2015-09-18'}, 1, 0, 100, 'Masculino', 'Oeste');
  
INSERT INTO TB_RETREAT(
  ID_RETREAT, NUM_RETREAT, DS_COORDINATOR, DS_BASE, DS_TREASURER, DS_SECOND_TREASURER, DS_SECRETARY, DS_SECOND_SECRETARY, DS_CHEF, DS_SECOND_CHEF, DS_EXTERNAL_HEAD, DS_SECOND_EXTERNAL_HEAD, DT_RETREAT, BL_RETREAT_ACTIVE, BL_RETREAT_DELETED, XID_RETREAT_HOUSE, DS_TYPE, DS_SECTOR) 
  VALUES (101, 453, 'João', 'José', 'Maria', 'Marieta', 'Joana', 'Julieta', 'Julia', 'Marcela', 'Marcolina', 'Josefa', {ts '2015-09-17'}, 1, 0, 101, 'Feminino', 'Leste');  

/**********************************
  		CURSILHISTA INSERT
 ***********************************/
INSERT INTO TB_CURSILHISTA (
	ID, NUM_CURSILHISTA, DS_NAME, DS_PROFESSION, DS_EMAIL, DS_PHONENUMBER, DS_MOBILENUMBER, DS_WORKNUMBER, 
	BL_CURSILHISTA_ACTIVE ,BL_CURSILHISTA_DELETED, XID_RETREAT, DS_MARITAL_STATUS, DS_GENDER, DS_RELIGION,
	DS_NICKNAME, DT_BIRTH, DT_CREATE, DT_LAST_UPDATE, DS_CPF, DS_ID, DS_COMPANY_WORK, DS_FUNCTION_WORK, DS_NAME_SPOUSE,
    BL_ACTIVE_CHURCH, DS_PARISH_CHURCH, DS_STUDENT, DS_LEVEL_EDUCATION, DS_PLACE_WORK, BL_HEALTH_PROBLEM,
    DS_HEALTH_PROBLEM, BL_SOME_DRUGS, BL_DIET_REC, DS_NAME_PRESENTER, XID_RETREAT_PRESENTER, DS_PHONENUMBER_PRESENTER,  
    DS_MOBILENUMBER_PRESENTER, DS_WORKNUMBER_PRESENTER, DS_PRESENTER_CADIDATE, BL_PRESENTER_PARTICIPATE_CUR,
    DS_PARTICIPATE_CURSILHO, DS_COMMUNITY, DS_SECTOR) 
VALUES(100, 20, 'João das Couves', 'Carpinteiro', 'joao@google.com', '(21) 97344-4567', '(21) 3486-9295', '(24) 0000-9295',
	1 ,0, 101, 'Casado(a)', 'Masculino', 'Budismo', 'nickname', {ts '2015-09-17'}, {ts '2015-09-17'}, {ts '2015-09-17'}, '085.127.247-90',
	'11.516.625-2', 'Sicpa', 'Ladrileiro', 'Maria Antonieta', 1, 'Paróquia de São Jorge', 'Universidade', '3º Grau Incompleto', 'Campo Grande', 
	1, 'Resfriado', 1, 1, 'Joaquim', 101, '(21) 97344-0000', '(21) 3486-1111', '(24) 0000-2222', 'Apresentacao do candidato pelo apresentante', 
	1, 'Cursilho da paroquia de Santa Cruz', 'Community', 'Oeste');
INSERT INTO TB_CURSILHISTA (
	ID, NUM_CURSILHISTA, DS_NAME, DS_PROFESSION, DS_EMAIL, DS_PHONENUMBER, DS_MOBILENUMBER, DS_WORKNUMBER, 
	BL_CURSILHISTA_ACTIVE ,BL_CURSILHISTA_DELETED, XID_RETREAT, DS_MARITAL_STATUS, DS_GENDER, DS_RELIGION,
	DS_NICKNAME, DT_BIRTH, DT_CREATE, DT_LAST_UPDATE, DS_CPF, DS_ID, DS_COMPANY_WORK, DS_FUNCTION_WORK, DS_NAME_SPOUSE,
    BL_ACTIVE_CHURCH, DS_PARISH_CHURCH, DS_STUDENT, DS_LEVEL_EDUCATION, DS_PLACE_WORK, BL_HEALTH_PROBLEM,
    DS_HEALTH_PROBLEM, BL_SOME_DRUGS, BL_DIET_REC, DS_NAME_PRESENTER, XID_RETREAT_PRESENTER, DS_PHONENUMBER_PRESENTER,  
    DS_MOBILENUMBER_PRESENTER, DS_WORKNUMBER_PRESENTER, DS_PRESENTER_CADIDATE, BL_PRESENTER_PARTICIPATE_CUR,
    DS_PARTICIPATE_CURSILHO, DS_COMMUNITY, DS_SECTOR) 
VALUES(101, 21, 'Maria Aparecida', 'Doméstica', 'maria@google.com', '(21) 97344-4567', '(21) 3486-9295', '(24) 0000-9295',
	1 ,0, 100, 'Solteiro(a)', 'Feminino', 'Budismo', 'nickname', {ts '2015-09-17'}, {ts '2015-09-17'}, {ts '2015-09-17'}, '085.127.247-90',
	'11.516.625-2', 'Sicpa', 'Ladrileiro', 'Maria Antonieta Cruz', 1, 'Paróquia de São Luiz', 'Escola', '2º Grau', 'Guadalupe', 
	1, 'Resfriado', 1, 1, 'Joaquim', 101, '(21) 97344-0000', '(21) 3486-1111', '(24) 0000-2222', 'Apresentacao do candidato pelo apresentante', 
	1, 'Cursilho da paroquia de Santa Cruz', 'Comunidade', 'Sul');
INSERT INTO TB_CURSILHISTA (
	ID, DS_NAME, DS_PROFESSION, DS_EMAIL, DS_PHONENUMBER, DS_MOBILENUMBER, DS_WORKNUMBER, 
	BL_CURSILHISTA_ACTIVE ,BL_CURSILHISTA_DELETED, XID_RETREAT, DS_MARITAL_STATUS, DS_GENDER, DS_RELIGION,
	DS_NICKNAME, DT_BIRTH, DT_CREATE, DT_LAST_UPDATE, DS_CPF, DS_ID, DS_COMPANY_WORK, DS_FUNCTION_WORK, DS_NAME_SPOUSE,
    BL_ACTIVE_CHURCH, DS_PARISH_CHURCH, DS_STUDENT, DS_LEVEL_EDUCATION, DS_PLACE_WORK, BL_HEALTH_PROBLEM,
    DS_HEALTH_PROBLEM, BL_SOME_DRUGS, BL_DIET_REC, DS_NAME_PRESENTER, XID_RETREAT_PRESENTER, DS_PHONENUMBER_PRESENTER,  
    DS_MOBILENUMBER_PRESENTER, DS_WORKNUMBER_PRESENTER, DS_PRESENTER_CADIDATE, BL_PRESENTER_PARTICIPATE_CUR,
    DS_PARTICIPATE_CURSILHO, DS_COMMUNITY, DS_SECTOR) 
VALUES(102, 'Marcos da Silva', 'Lenhador', 'marcos@google.com', '(21) 97344-9999', '(21) 3486-9295', '(24) 0000-9295',
	1 ,0, 100, 'Solteiro(a)', 'Masculino', 'Budismo', 'nickname', {ts '2015-09-17'}, {ts '2015-09-17'}, {ts '2015-09-17'}, '085.127.247-90',
	'11.516.625-2', 'Sicpa', 'Ladrileiro', 'Maria Antonieta Cruz', 1, 'Paróquia de São Luiz', 'Escola', '2º Grau', 'Guadalupe', 
	1, 'Resfriado', 1, 1, 'Joaquim', 101, '(21) 97344-0000', '(21) 3486-1111', '(24) 0000-2222', 'Apresentacao do candidato pelo apresentante', 
	1, 'Cursilho da paroquia de Santa Cruz', 'Comunidade', 'Sul');
	


/**********************************
  		USER ADMIN INSERT
 ***********************************/
INSERT INTO TB_USER (ID_USER, DS_PASSWORD, DS_NAME, DS_EMAIL, DS_PHONENUMBER, BL_USER_ACTIVE ,BL_USER_DELETED, XID_RETREAT) 
VALUES(1, '$2a$08$hx/be85nYJ8OBVTdwbjXuern2sE2ijsrOFzkHZba/Uc/DDBnS9r8O', 'Administrador', 'admin@google.com', '(21) 97344-4567', 1, 0, 100); 
INSERT INTO TB_USER (ID_USER, DS_PASSWORD, DS_NAME, DS_EMAIL, DS_PHONENUMBER, BL_USER_ACTIVE ,BL_USER_DELETED, XID_RETREAT) 
VALUES(2, '$2a$08$hx/be85nYJ8OBVTdwbjXuern2sE2ijsrOFzkHZba/Uc/DDBnS9r8O', 'User', 'user@google.com', '(21) 97654-3210', 1, 0, 100);
INSERT INTO TB_USER (ID_USER, DS_PASSWORD, DS_NAME, DS_EMAIL, DS_PHONENUMBER, BL_USER_ACTIVE ,BL_USER_DELETED, XID_RETREAT) 
VALUES(3, '$2a$08$hx/be85nYJ8OBVTdwbjXuern2sE2ijsrOFzkHZba/Uc/DDBnS9r8O', 'Secretario', 'sec@google.com', '(21) 97654-3210', 1, 0, 100);
INSERT INTO TB_USER (ID_USER, DS_PASSWORD, DS_NAME, DS_EMAIL, DS_PHONENUMBER, BL_USER_ACTIVE ,BL_USER_DELETED, XID_RETREAT) 
VALUES(4, '$2a$08$hx/be85nYJ8OBVTdwbjXuern2sE2ijsrOFzkHZba/Uc/DDBnS9r8O', 'Coordenador', 'co@google.com', '(21) 97654-0000', 1, 0, 100);

/**********************************
  		USER PROFILE ADMIN INSERT
 ***********************************/
INSERT INTO TB_PROFILE (ID_PROFILE, DS_PROFILE, DS_DESCRIPTION) VALUES (1, 'PROFILE_ADMIN', 'PERFIL ADMINISTRADOR'); 
INSERT INTO TB_PROFILE (ID_PROFILE, DS_PROFILE, DS_DESCRIPTION) VALUES (2, 'PROFILE_USER', 'PERFIL USUARIO'); 
INSERT INTO TB_PROFILE (ID_PROFILE, DS_PROFILE, DS_DESCRIPTION) VALUES (3, 'PROFILE_SECRETARY', 'PERFIL SECRETARIO');
INSERT INTO TB_PROFILE (ID_PROFILE, DS_PROFILE, DS_DESCRIPTION) VALUES (4, 'PROFILE_COORDINATOR', 'PERFIL COORDENADOR');

/**********************************
  		USER PROFILE ADMIN INSERT
 ***********************************/
INSERT INTO TB_USER_PROFILE (XID_USER, XID_PROFILE) VALUES (1, 1);
--INSERT INTO TB_USER_PROFILE (XID_USER, XID_PROFILE) VALUES (1, 2);
--INSERT INTO TB_USER_PROFILE (XID_USER, XID_PROFILE) VALUES (1, 3);

INSERT INTO TB_USER_PROFILE (XID_USER, XID_PROFILE) VALUES (2, 2);
--INSERT INTO TB_USER_PROFILE (XID_USER, XID_PROFILE) VALUES (2, 3);

INSERT INTO TB_USER_PROFILE (XID_USER, XID_PROFILE) VALUES (3, 3);

INSERT INTO TB_USER_PROFILE (XID_USER, XID_PROFILE) VALUES (4, 4);

/**********************************
  		ROLE ADMIN INSERT
 ***********************************/
--ROLES LOGIN
INSERT INTO TB_ROLE (ID_ROLE, DS_ROLE, DS_DESCRIPTION) VALUES (1, 'ROLE_LOGIN', 'LOGIN');
INSERT INTO TB_ROLE (ID_ROLE, DS_ROLE, DS_DESCRIPTION) VALUES (2, 'ROLE_EDIT_LOGIN', 'EDIT LOGIN');
INSERT INTO TB_ROLE (ID_ROLE, DS_ROLE, DS_DESCRIPTION) VALUES (3, 'ROLE_HELLO', 'HELLO');
INSERT INTO TB_ROLE (ID_ROLE, DS_ROLE, DS_DESCRIPTION) VALUES (4, 'ROLE_HOME', 'HOME');

--ROLES USER
INSERT INTO TB_ROLE (ID_ROLE, DS_ROLE, DS_DESCRIPTION) VALUES (5, 'ROLE_ADMIN_USER', 'ROLE ADMIN USER');
INSERT INTO TB_ROLE (ID_ROLE, DS_ROLE, DS_DESCRIPTION) VALUES (6, 'ROLE_LIST_USER', 'ROLE LIST USER');
INSERT INTO TB_ROLE (ID_ROLE, DS_ROLE, DS_DESCRIPTION) VALUES (7, 'ROLE_ADD_USER', 'ROLE ADD USER');
INSERT INTO TB_ROLE (ID_ROLE, DS_ROLE, DS_DESCRIPTION) VALUES (8, 'ROLE_EDIT_USER', 'ROLE EDIT USER');
INSERT INTO TB_ROLE (ID_ROLE, DS_ROLE, DS_DESCRIPTION) VALUES (9, 'ROLE_DELETE_USER', 'ROLE DELETE USER');
INSERT INTO TB_ROLE (ID_ROLE, DS_ROLE, DS_DESCRIPTION) VALUES (10, 'ROLE_DETAILS_USER', 'ROLE DETAILS USER');
INSERT INTO TB_ROLE (ID_ROLE, DS_ROLE, DS_DESCRIPTION) VALUES (11, 'ROLE_ACTIVE_INACTIVE_USER', 'ROLE ACTIVE INACTIVE USER');
INSERT INTO TB_ROLE (ID_ROLE, DS_ROLE, DS_DESCRIPTION) VALUES (12, 'ROLE_REPORT_USER', 'ROLE REPORT USER');

--ROLES RETREAT_HOUSE
INSERT INTO TB_ROLE (ID_ROLE, DS_ROLE, DS_DESCRIPTION) VALUES (13, 'ROLE_ADMIN_RETREAT_HOUSE', 'ROLE ADMIN RETREAT_HOUSE');
INSERT INTO TB_ROLE (ID_ROLE, DS_ROLE, DS_DESCRIPTION) VALUES (14, 'ROLE_LIST_RETREAT_HOUSE', 'ROLE LIST RETREAT_HOUSE');
INSERT INTO TB_ROLE (ID_ROLE, DS_ROLE, DS_DESCRIPTION) VALUES (15, 'ROLE_ADD_RETREAT_HOUSE', 'ROLE ADD RETREAT_HOUSE');
INSERT INTO TB_ROLE (ID_ROLE, DS_ROLE, DS_DESCRIPTION) VALUES (16, 'ROLE_EDIT_RETREAT_HOUSE', 'ROLE EDIT RETREAT_HOUSE');
INSERT INTO TB_ROLE (ID_ROLE, DS_ROLE, DS_DESCRIPTION) VALUES (17, 'ROLE_DELETE_RETREAT_HOUSE', 'ROLE DELETE RETREAT_HOUSE');
INSERT INTO TB_ROLE (ID_ROLE, DS_ROLE, DS_DESCRIPTION) VALUES (18, 'ROLE_DETAILS_RETREAT_HOUSE', 'ROLE DETAILS RETREAT_HOUSE');
INSERT INTO TB_ROLE (ID_ROLE, DS_ROLE, DS_DESCRIPTION) VALUES (19, 'ROLE_ACTIVE_INACTIVE_RETREAT_HOUSE', 'ROLE ACTIVE INACTIVE RETREAT_HOUSE');
INSERT INTO TB_ROLE (ID_ROLE, DS_ROLE, DS_DESCRIPTION) VALUES (20, 'ROLE_REPORT_RETREAT_HOUSE', 'ROLE REPORT RETREAT_HOUSE');

--ROLES CURSILHISTA
INSERT INTO TB_ROLE (ID_ROLE, DS_ROLE, DS_DESCRIPTION) VALUES (21, 'ROLE_ADMIN_CURSILHISTA', 'ROLE ADMIN CURSILHISTA');
INSERT INTO TB_ROLE (ID_ROLE, DS_ROLE, DS_DESCRIPTION) VALUES (22, 'ROLE_LIST_CURSILHISTA', 'ROLE LIST CURSILHISTA');
INSERT INTO TB_ROLE (ID_ROLE, DS_ROLE, DS_DESCRIPTION) VALUES (23, 'ROLE_ADD_CURSILHISTA', 'ROLE ADD CURSILHISTA');
INSERT INTO TB_ROLE (ID_ROLE, DS_ROLE, DS_DESCRIPTION) VALUES (24, 'ROLE_EDIT_CURSILHISTA', 'ROLE EDIT CURSILHISTA');
INSERT INTO TB_ROLE (ID_ROLE, DS_ROLE, DS_DESCRIPTION) VALUES (25, 'ROLE_DELETE_CURSILHISTA', 'ROLE DELETE CURSILHISTA');
INSERT INTO TB_ROLE (ID_ROLE, DS_ROLE, DS_DESCRIPTION) VALUES (26, 'ROLE_DETAILS_CURSILHISTA', 'ROLE DETAILS CURSILHISTA');
INSERT INTO TB_ROLE (ID_ROLE, DS_ROLE, DS_DESCRIPTION) VALUES (27, 'ROLE_ACTIVE_INACTIVE_CURSILHISTA', 'ROLE ACTIVE INACTIVE CURSILHISTA');
INSERT INTO TB_ROLE (ID_ROLE, DS_ROLE, DS_DESCRIPTION) VALUES (28, 'ROLE_REPORT_CURSILHISTA', 'ROLE REPORT CURSILHISTA');

--ROLES RETREAT
INSERT INTO TB_ROLE (ID_ROLE, DS_ROLE, DS_DESCRIPTION) VALUES (29, 'ROLE_ADMIN_RETREAT', 'ROLE ADMIN RETREAT');
INSERT INTO TB_ROLE (ID_ROLE, DS_ROLE, DS_DESCRIPTION) VALUES (30, 'ROLE_LIST_RETREAT', 'ROLE LIST RETREAT');
INSERT INTO TB_ROLE (ID_ROLE, DS_ROLE, DS_DESCRIPTION) VALUES (31, 'ROLE_ADD_RETREAT', 'ROLE ADD RETREAT');
INSERT INTO TB_ROLE (ID_ROLE, DS_ROLE, DS_DESCRIPTION) VALUES (32, 'ROLE_EDIT_RETREAT', 'ROLE EDIT RETREAT');
INSERT INTO TB_ROLE (ID_ROLE, DS_ROLE, DS_DESCRIPTION) VALUES (33, 'ROLE_DELETE_RETREAT', 'ROLE DELETE RETREAT');
INSERT INTO TB_ROLE (ID_ROLE, DS_ROLE, DS_DESCRIPTION) VALUES (34, 'ROLE_DETAILS_RETREAT', 'ROLE DETAILS RETREAT');
INSERT INTO TB_ROLE (ID_ROLE, DS_ROLE, DS_DESCRIPTION) VALUES (35, 'ROLE_ACTIVE_INACTIVE_RETREAT', 'ROLE ACTIVE INACTIVE RETREAT');
INSERT INTO TB_ROLE (ID_ROLE, DS_ROLE, DS_DESCRIPTION) VALUES (36, 'ROLE_REPORT_RETREAT', 'ROLE REPORT RETREAT');

--ROLES CANDIDATE
INSERT INTO TB_ROLE (ID_ROLE, DS_ROLE, DS_DESCRIPTION) VALUES (37, 'ROLE_ADMIN_CANDIDATE', 'ROLE ADMIN CANDIDATE');
INSERT INTO TB_ROLE (ID_ROLE, DS_ROLE, DS_DESCRIPTION) VALUES (38, 'ROLE_LIST_CANDIDATE', 'ROLE LIST CANDIDATE');
INSERT INTO TB_ROLE (ID_ROLE, DS_ROLE, DS_DESCRIPTION) VALUES (39, 'ROLE_ADD_CANDIDATE', 'ROLE ADD CANDIDATE');
INSERT INTO TB_ROLE (ID_ROLE, DS_ROLE, DS_DESCRIPTION) VALUES (40, 'ROLE_EDIT_CANDIDATE', 'ROLE EDIT CANDIDATE');
INSERT INTO TB_ROLE (ID_ROLE, DS_ROLE, DS_DESCRIPTION) VALUES (41, 'ROLE_DELETE_CANDIDATE', 'ROLE DELETE CANDIDATE');
INSERT INTO TB_ROLE (ID_ROLE, DS_ROLE, DS_DESCRIPTION) VALUES (42, 'ROLE_DETAILS_CANDIDATE', 'ROLE DETAILS CANDIDATE');
INSERT INTO TB_ROLE (ID_ROLE, DS_ROLE, DS_DESCRIPTION) VALUES (43, 'ROLE_ACTIVE_INACTIVE_CANDIDATE', 'ROLE ACTIVE INACTIVE CANDIDATE');
INSERT INTO TB_ROLE (ID_ROLE, DS_ROLE, DS_DESCRIPTION) VALUES (44, 'ROLE_REPORT_CANDIDATE', 'ROLE REPORT CANDIDATE');

INSERT INTO TB_ROLE (ID_ROLE, DS_ROLE, DS_DESCRIPTION) VALUES (45, 'ROLE_ADMIN_REPORT', 'ROLE REPORT REPORT');

INSERT INTO TB_ROLE (ID_ROLE, DS_ROLE, DS_DESCRIPTION) VALUES (46, 'ROLE_REPORT_AUDIT', 'ROLE REPORT AUDIT');

/**********************************
  		PROFILE ROLE ADMIN INSERT
 ***********************************/

--PROFILE_USER - Todas as permissões

--ROLES LOGIN
INSERT INTO TB_PROFILE_ROLE (XID_PROFILE, XID_ROLE) VALUES (1, 1);
INSERT INTO TB_PROFILE_ROLE (XID_PROFILE, XID_ROLE) VALUES (1, 2);
INSERT INTO TB_PROFILE_ROLE (XID_PROFILE, XID_ROLE) VALUES (1, 3);
INSERT INTO TB_PROFILE_ROLE (XID_PROFILE, XID_ROLE) VALUES (1, 4);
--ROLES USER
INSERT INTO TB_PROFILE_ROLE (XID_PROFILE, XID_ROLE) VALUES (1, 5);
INSERT INTO TB_PROFILE_ROLE (XID_PROFILE, XID_ROLE) VALUES (1, 6);
INSERT INTO TB_PROFILE_ROLE (XID_PROFILE, XID_ROLE) VALUES (1, 7);
INSERT INTO TB_PROFILE_ROLE (XID_PROFILE, XID_ROLE) VALUES (1, 8);
INSERT INTO TB_PROFILE_ROLE (XID_PROFILE, XID_ROLE) VALUES (1, 9);
INSERT INTO TB_PROFILE_ROLE (XID_PROFILE, XID_ROLE) VALUES (1, 10);
INSERT INTO TB_PROFILE_ROLE (XID_PROFILE, XID_ROLE) VALUES (1, 11);
INSERT INTO TB_PROFILE_ROLE (XID_PROFILE, XID_ROLE) VALUES (1, 12);
--ROLES RETREAT_HOUSE
INSERT INTO TB_PROFILE_ROLE (XID_PROFILE, XID_ROLE) VALUES (1, 13);
INSERT INTO TB_PROFILE_ROLE (XID_PROFILE, XID_ROLE) VALUES (1, 14);
INSERT INTO TB_PROFILE_ROLE (XID_PROFILE, XID_ROLE) VALUES (1, 15);
INSERT INTO TB_PROFILE_ROLE (XID_PROFILE, XID_ROLE) VALUES (1, 16);
INSERT INTO TB_PROFILE_ROLE (XID_PROFILE, XID_ROLE) VALUES (1, 17);
INSERT INTO TB_PROFILE_ROLE (XID_PROFILE, XID_ROLE) VALUES (1, 18);
INSERT INTO TB_PROFILE_ROLE (XID_PROFILE, XID_ROLE) VALUES (1, 19);
INSERT INTO TB_PROFILE_ROLE (XID_PROFILE, XID_ROLE) VALUES (1, 20);
--ROLES CURSILHISTA
INSERT INTO TB_PROFILE_ROLE (XID_PROFILE, XID_ROLE) VALUES (1, 21);
INSERT INTO TB_PROFILE_ROLE (XID_PROFILE, XID_ROLE) VALUES (1, 22);
INSERT INTO TB_PROFILE_ROLE (XID_PROFILE, XID_ROLE) VALUES (1, 23);
INSERT INTO TB_PROFILE_ROLE (XID_PROFILE, XID_ROLE) VALUES (1, 24);
INSERT INTO TB_PROFILE_ROLE (XID_PROFILE, XID_ROLE) VALUES (1, 25);
INSERT INTO TB_PROFILE_ROLE (XID_PROFILE, XID_ROLE) VALUES (1, 26);
INSERT INTO TB_PROFILE_ROLE (XID_PROFILE, XID_ROLE) VALUES (1, 27);
INSERT INTO TB_PROFILE_ROLE (XID_PROFILE, XID_ROLE) VALUES (1, 28);
--ROLES RETREAT
INSERT INTO TB_PROFILE_ROLE (XID_PROFILE, XID_ROLE) VALUES (1, 29);
INSERT INTO TB_PROFILE_ROLE (XID_PROFILE, XID_ROLE) VALUES (1, 30);
INSERT INTO TB_PROFILE_ROLE (XID_PROFILE, XID_ROLE) VALUES (1, 31);
INSERT INTO TB_PROFILE_ROLE (XID_PROFILE, XID_ROLE) VALUES (1, 32);
INSERT INTO TB_PROFILE_ROLE (XID_PROFILE, XID_ROLE) VALUES (1, 33);
INSERT INTO TB_PROFILE_ROLE (XID_PROFILE, XID_ROLE) VALUES (1, 34);
INSERT INTO TB_PROFILE_ROLE (XID_PROFILE, XID_ROLE) VALUES (1, 35);
INSERT INTO TB_PROFILE_ROLE (XID_PROFILE, XID_ROLE) VALUES (1, 36);
--ROLES CANDIDATE
INSERT INTO TB_PROFILE_ROLE (XID_PROFILE, XID_ROLE) VALUES (1, 37);
INSERT INTO TB_PROFILE_ROLE (XID_PROFILE, XID_ROLE) VALUES (1, 38);
INSERT INTO TB_PROFILE_ROLE (XID_PROFILE, XID_ROLE) VALUES (1, 39);
INSERT INTO TB_PROFILE_ROLE (XID_PROFILE, XID_ROLE) VALUES (1, 40);
INSERT INTO TB_PROFILE_ROLE (XID_PROFILE, XID_ROLE) VALUES (1, 41);
INSERT INTO TB_PROFILE_ROLE (XID_PROFILE, XID_ROLE) VALUES (1, 42);
INSERT INTO TB_PROFILE_ROLE (XID_PROFILE, XID_ROLE) VALUES (1, 43);
INSERT INTO TB_PROFILE_ROLE (XID_PROFILE, XID_ROLE) VALUES (1, 44);
--ROLE REPORT MIRANTE
INSERT INTO TB_PROFILE_ROLE (XID_PROFILE, XID_ROLE) VALUES (1, 45);

INSERT INTO TB_PROFILE_ROLE (XID_PROFILE, XID_ROLE) VALUES (1, 46);

----------------------------------------------------------------------

--PROFILE_USER - Menos User e Relatórios

--ROLES LOGIN
INSERT INTO TB_PROFILE_ROLE (XID_PROFILE, XID_ROLE) VALUES (2, 1);
INSERT INTO TB_PROFILE_ROLE (XID_PROFILE, XID_ROLE) VALUES (2, 2);
INSERT INTO TB_PROFILE_ROLE (XID_PROFILE, XID_ROLE) VALUES (2, 3);
INSERT INTO TB_PROFILE_ROLE (XID_PROFILE, XID_ROLE) VALUES (2, 4);
--ROLES RETREAT_HOUSE
INSERT INTO TB_PROFILE_ROLE (XID_PROFILE, XID_ROLE) VALUES (2, 13);
INSERT INTO TB_PROFILE_ROLE (XID_PROFILE, XID_ROLE) VALUES (2, 14);
INSERT INTO TB_PROFILE_ROLE (XID_PROFILE, XID_ROLE) VALUES (2, 15);
INSERT INTO TB_PROFILE_ROLE (XID_PROFILE, XID_ROLE) VALUES (2, 16);
INSERT INTO TB_PROFILE_ROLE (XID_PROFILE, XID_ROLE) VALUES (2, 17);
INSERT INTO TB_PROFILE_ROLE (XID_PROFILE, XID_ROLE) VALUES (2, 18);
INSERT INTO TB_PROFILE_ROLE (XID_PROFILE, XID_ROLE) VALUES (2, 19);
--ROLES CURSILHISTA
INSERT INTO TB_PROFILE_ROLE (XID_PROFILE, XID_ROLE) VALUES (2, 21);
INSERT INTO TB_PROFILE_ROLE (XID_PROFILE, XID_ROLE) VALUES (2, 22);
INSERT INTO TB_PROFILE_ROLE (XID_PROFILE, XID_ROLE) VALUES (2, 23);
INSERT INTO TB_PROFILE_ROLE (XID_PROFILE, XID_ROLE) VALUES (2, 24);
INSERT INTO TB_PROFILE_ROLE (XID_PROFILE, XID_ROLE) VALUES (2, 25);
INSERT INTO TB_PROFILE_ROLE (XID_PROFILE, XID_ROLE) VALUES (2, 26);
INSERT INTO TB_PROFILE_ROLE (XID_PROFILE, XID_ROLE) VALUES (2, 27);
--ROLES RETREAT
INSERT INTO TB_PROFILE_ROLE (XID_PROFILE, XID_ROLE) VALUES (2, 29);
INSERT INTO TB_PROFILE_ROLE (XID_PROFILE, XID_ROLE) VALUES (2, 30);
INSERT INTO TB_PROFILE_ROLE (XID_PROFILE, XID_ROLE) VALUES (2, 31);
INSERT INTO TB_PROFILE_ROLE (XID_PROFILE, XID_ROLE) VALUES (2, 32);
INSERT INTO TB_PROFILE_ROLE (XID_PROFILE, XID_ROLE) VALUES (2, 33);
INSERT INTO TB_PROFILE_ROLE (XID_PROFILE, XID_ROLE) VALUES (2, 34);
INSERT INTO TB_PROFILE_ROLE (XID_PROFILE, XID_ROLE) VALUES (2, 35);
--ROLES CANDIDATE
INSERT INTO TB_PROFILE_ROLE (XID_PROFILE, XID_ROLE) VALUES (2, 37);
INSERT INTO TB_PROFILE_ROLE (XID_PROFILE, XID_ROLE) VALUES (2, 38);
INSERT INTO TB_PROFILE_ROLE (XID_PROFILE, XID_ROLE) VALUES (2, 39);
INSERT INTO TB_PROFILE_ROLE (XID_PROFILE, XID_ROLE) VALUES (2, 40);
INSERT INTO TB_PROFILE_ROLE (XID_PROFILE, XID_ROLE) VALUES (2, 41);
INSERT INTO TB_PROFILE_ROLE (XID_PROFILE, XID_ROLE) VALUES (2, 42);
INSERT INTO TB_PROFILE_ROLE (XID_PROFILE, XID_ROLE) VALUES (2, 43);
--ROLE REPORT MIRANTE
INSERT INTO TB_PROFILE_ROLE (XID_PROFILE, XID_ROLE) VALUES (2, 45);

----------------------------------------------------------------------

--PROFILE_COORDENADOR

--ROLES LOGIN
INSERT INTO TB_PROFILE_ROLE (XID_PROFILE, XID_ROLE) VALUES (4, 1);
INSERT INTO TB_PROFILE_ROLE (XID_PROFILE, XID_ROLE) VALUES (4, 2);
INSERT INTO TB_PROFILE_ROLE (XID_PROFILE, XID_ROLE) VALUES (4, 3);
INSERT INTO TB_PROFILE_ROLE (XID_PROFILE, XID_ROLE) VALUES (4, 4);
--ROLES RETREAT_HOUSE
--INSERT INTO TB_PROFILE_ROLE (XID_PROFILE, XID_ROLE) VALUES (4, 13);
--INSERT INTO TB_PROFILE_ROLE (XID_PROFILE, XID_ROLE) VALUES (4, 14);
--INSERT INTO TB_PROFILE_ROLE (XID_PROFILE, XID_ROLE) VALUES (4, 15);
--INSERT INTO TB_PROFILE_ROLE (XID_PROFILE, XID_ROLE) VALUES (4, 16);
--INSERT INTO TB_PROFILE_ROLE (XID_PROFILE, XID_ROLE) VALUES (4, 17);
--INSERT INTO TB_PROFILE_ROLE (XID_PROFILE, XID_ROLE) VALUES (4, 18);
--INSERT INTO TB_PROFILE_ROLE (XID_PROFILE, XID_ROLE) VALUES (4, 19);
--ROLES CURSILHISTA
--INSERT INTO TB_PROFILE_ROLE (XID_PROFILE, XID_ROLE) VALUES (4, 21);
--INSERT INTO TB_PROFILE_ROLE (XID_PROFILE, XID_ROLE) VALUES (4, 22);
--INSERT INTO TB_PROFILE_ROLE (XID_PROFILE, XID_ROLE) VALUES (4, 23);
--INSERT INTO TB_PROFILE_ROLE (XID_PROFILE, XID_ROLE) VALUES (4, 24);
--INSERT INTO TB_PROFILE_ROLE (XID_PROFILE, XID_ROLE) VALUES (4, 25);
--INSERT INTO TB_PROFILE_ROLE (XID_PROFILE, XID_ROLE) VALUES (4, 26);
--INSERT INTO TB_PROFILE_ROLE (XID_PROFILE, XID_ROLE) VALUES (4, 27);
--ROLES RETREAT
INSERT INTO TB_PROFILE_ROLE (XID_PROFILE, XID_ROLE) VALUES (4, 29);
INSERT INTO TB_PROFILE_ROLE (XID_PROFILE, XID_ROLE) VALUES (4, 30);
INSERT INTO TB_PROFILE_ROLE (XID_PROFILE, XID_ROLE) VALUES (4, 31);
INSERT INTO TB_PROFILE_ROLE (XID_PROFILE, XID_ROLE) VALUES (4, 32);
INSERT INTO TB_PROFILE_ROLE (XID_PROFILE, XID_ROLE) VALUES (4, 33);
INSERT INTO TB_PROFILE_ROLE (XID_PROFILE, XID_ROLE) VALUES (4, 34);
INSERT INTO TB_PROFILE_ROLE (XID_PROFILE, XID_ROLE) VALUES (4, 35);
--ROLES CANDIDATE
INSERT INTO TB_PROFILE_ROLE (XID_PROFILE, XID_ROLE) VALUES (4, 37);
INSERT INTO TB_PROFILE_ROLE (XID_PROFILE, XID_ROLE) VALUES (4, 38);
INSERT INTO TB_PROFILE_ROLE (XID_PROFILE, XID_ROLE) VALUES (4, 39);
INSERT INTO TB_PROFILE_ROLE (XID_PROFILE, XID_ROLE) VALUES (4, 40);
INSERT INTO TB_PROFILE_ROLE (XID_PROFILE, XID_ROLE) VALUES (4, 41);
INSERT INTO TB_PROFILE_ROLE (XID_PROFILE, XID_ROLE) VALUES (4, 42);
INSERT INTO TB_PROFILE_ROLE (XID_PROFILE, XID_ROLE) VALUES (4, 43);
--ROLE REPORT MIRANTE
INSERT INTO TB_PROFILE_ROLE (XID_PROFILE, XID_ROLE) VALUES (4, 45);

----------------------------------------------------------------------

--PROFILE_SECRETARY - Somente login e candidato
--Login
INSERT INTO TB_PROFILE_ROLE (XID_PROFILE, XID_ROLE) VALUES (3, 1);
INSERT INTO TB_PROFILE_ROLE (XID_PROFILE, XID_ROLE) VALUES (3, 2);
INSERT INTO TB_PROFILE_ROLE (XID_PROFILE, XID_ROLE) VALUES (3, 3);
INSERT INTO TB_PROFILE_ROLE (XID_PROFILE, XID_ROLE) VALUES (3, 4);
--Candidate
INSERT INTO TB_PROFILE_ROLE (XID_PROFILE, XID_ROLE) VALUES (3, 37);
INSERT INTO TB_PROFILE_ROLE (XID_PROFILE, XID_ROLE) VALUES (3, 38);
INSERT INTO TB_PROFILE_ROLE (XID_PROFILE, XID_ROLE) VALUES (3, 39);
INSERT INTO TB_PROFILE_ROLE (XID_PROFILE, XID_ROLE) VALUES (3, 40);
INSERT INTO TB_PROFILE_ROLE (XID_PROFILE, XID_ROLE) VALUES (3, 41);
INSERT INTO TB_PROFILE_ROLE (XID_PROFILE, XID_ROLE) VALUES (3, 42);
INSERT INTO TB_PROFILE_ROLE (XID_PROFILE, XID_ROLE) VALUES (3, 43);
--ROLE REPORT MIRANTE
INSERT INTO TB_PROFILE_ROLE (XID_PROFILE, XID_ROLE) VALUES (3, 45);

/**********************************
  		ADDRESS INSERT
 ***********************************/

INSERT INTO TB_ADDRESS(ID_ADDRESS, DS_CEP, DS_ADDRESS, DS_NEIGHBORHOOD, DS_CITY, DS_STATE, TP_ADDRESS_TYPE, XID_CURSILHISTA) VALUES (100, '22222222', 'Rua 1', 'Bairro 1', 'Cidade 1', 'RJ', 'S', 102);
INSERT INTO TB_ADDRESS(ID_ADDRESS, DS_CEP, DS_ADDRESS, DS_NEIGHBORHOOD, DS_CITY, DS_STATE, TP_ADDRESS_TYPE, XID_CURSILHISTA) VALUES (101, '33333333', 'Rua 2', 'Bairro 2', 'Cidade 2', 'RJ', 'S', 101);

INSERT INTO TB_PAGE(ID_PAGE, DS_TITLE, DS_PATH, DS_ACTION, XID_PARENT) VALUES(1, 'Adição de Usuário', '/user/add', 'Cadastra Usuário', null);
INSERT INTO TB_PAGE(ID_PAGE, DS_TITLE, DS_PATH, DS_ACTION, XID_PARENT) VALUES(2, 'Alteração de Usuário', '/user/edit', 'Altera Usuário', null);
INSERT INTO TB_PAGE(ID_PAGE, DS_TITLE, DS_PATH, DS_ACTION, XID_PARENT) VALUES(3, 'Administração de Usuário', '/user/admin', 'Administração de Usuário', null);
INSERT INTO TB_PAGE(ID_PAGE, DS_TITLE, DS_PATH, DS_ACTION, XID_PARENT) VALUES(4, 'Alteração de Senha', '/login/edit', 'Altera Senha', null);
INSERT INTO TB_PAGE(ID_PAGE, DS_TITLE, DS_PATH, DS_ACTION, XID_PARENT) VALUES(5, 'Logout', '/logout', 'Sair do Sistema', null);
INSERT INTO TB_PAGE(ID_PAGE, DS_TITLE, DS_PATH, DS_ACTION, XID_PARENT) VALUES(6, 'Login', '/login', 'Entrar Sistema', null);

INSERT INTO TB_PAGE(ID_PAGE, DS_TITLE, DS_PATH, DS_ACTION, XID_PARENT) VALUES(7, 'Adição de Casa de Retiro', '/retreathouse/add', 'Cadastra Casa de Retiro', null);
INSERT INTO TB_PAGE(ID_PAGE, DS_TITLE, DS_PATH, DS_ACTION, XID_PARENT) VALUES(8, 'Alteração de Casa de Retiro', '/retreathouse/edit', 'Altera Casa de Retiro', null);
INSERT INTO TB_PAGE(ID_PAGE, DS_TITLE, DS_PATH, DS_ACTION, XID_PARENT) VALUES(9, 'Administração de Casa de Retiro', '/retreathouse/admin', 'Administração de Casa de Retiro', null);

INSERT INTO TB_PAGE(ID_PAGE, DS_TITLE, DS_PATH, DS_ACTION, XID_PARENT) VALUES(10, 'Adição de Cursilhista', '/cursilhista/add', 'Cadastra Cursilhista', null);
INSERT INTO TB_PAGE(ID_PAGE, DS_TITLE, DS_PATH, DS_ACTION, XID_PARENT) VALUES(11, 'Alteração de Cursilhista', '/cursilhista/edit', 'Altera Cursilhista', null);
INSERT INTO TB_PAGE(ID_PAGE, DS_TITLE, DS_PATH, DS_ACTION, XID_PARENT) VALUES(12, 'Administração de Cursilhista', '/cursilhista/admin', 'Administração de Cursilhista', null);

INSERT INTO TB_PAGE(ID_PAGE, DS_TITLE, DS_PATH, DS_ACTION, XID_PARENT) VALUES(13, 'Adição de Retiro', '/retreat/add', 'Cadastra Retiro', null);
INSERT INTO TB_PAGE(ID_PAGE, DS_TITLE, DS_PATH, DS_ACTION, XID_PARENT) VALUES(14, 'Alteração de Retiro', '/retreat/edit', 'Altera Retiro', null);
INSERT INTO TB_PAGE(ID_PAGE, DS_TITLE, DS_PATH, DS_ACTION, XID_PARENT) VALUES(15, 'Administração de Retiro', '/retreat/admin', 'Administração de Retiro', null);

INSERT INTO TB_PAGE(ID_PAGE, DS_TITLE, DS_PATH, DS_ACTION, XID_PARENT) VALUES(16, 'Adição de Candidato', '/candidate/add', 'Cadastra Candidato', null);
INSERT INTO TB_PAGE(ID_PAGE, DS_TITLE, DS_PATH, DS_ACTION, XID_PARENT) VALUES(17, 'Alteração de Candidato', '/candidate/edit', 'Altera Candidato', null);
INSERT INTO TB_PAGE(ID_PAGE, DS_TITLE, DS_PATH, DS_ACTION, XID_PARENT) VALUES(18, 'Administração de Candidato', '/candidate/admin', 'Administração de Candidato', null);

INSERT INTO TB_PAGE(ID_PAGE, DS_TITLE, DS_PATH, DS_ACTION, XID_PARENT) VALUES(19, 'Administração de Relatório', '/report/admin', 'Administração de Relatório', null);

/**********************************
  		AUDIT INSERT
 ***********************************/
INSERT INTO TB_AUDIT (ID_AUDIT,XID_PAGE,XID_USER,NM_OPERATION_TYPE,DT_ACTION_TIME,DS_HOSTNAME,DS_IP) VALUES (1, 1, 1, 0, {ts '2015-09-17'}, 'hostname', 'ip');
INSERT INTO TB_AUDIT (ID_AUDIT,XID_PAGE,XID_USER,NM_OPERATION_TYPE,DT_ACTION_TIME,DS_HOSTNAME,DS_IP) VALUES (2, 2, 1, 1, {ts '2015-09-17 00:00:00.00'}, 'hostname', 'ip');
INSERT INTO TB_AUDIT (ID_AUDIT,XID_PAGE,XID_USER,NM_OPERATION_TYPE,DT_ACTION_TIME,DS_HOSTNAME,DS_IP) VALUES (3, 3, 1, 0, {ts '2015-09-17 18:47:52.69'}, 'hostname', 'ip');
INSERT INTO TB_AUDIT (ID_AUDIT,XID_PAGE,XID_USER,NM_OPERATION_TYPE,DT_ACTION_TIME,DS_HOSTNAME,DS_IP) VALUES (4, 5, 1, 0, {ts '2015-09-17 18:47:52.69'}, 'hostname', 'ip');
INSERT INTO TB_AUDIT (ID_AUDIT,XID_PAGE,XID_USER,NM_OPERATION_TYPE,DT_ACTION_TIME,DS_HOSTNAME,DS_IP) VALUES (5, 6, 1, 1, {ts '2015-09-17 23:59:59.99'}, 'hostname', 'ip');

INSERT INTO TB_AUDIT (ID_AUDIT,XID_PAGE,XID_USER,NM_OPERATION_TYPE,DT_ACTION_TIME,DS_HOSTNAME,DS_IP) VALUES (6, 1, 1, 1, {ts '2015-09-17'}, 'hostname', 'ip');
INSERT INTO TB_AUDIT (ID_AUDIT,XID_PAGE,XID_USER,NM_OPERATION_TYPE,DT_ACTION_TIME,DS_HOSTNAME,DS_IP) VALUES (7, 2, 1, 1, {ts '2015-09-17 00:00:00.00'}, 'hostname', 'ip');
INSERT INTO TB_AUDIT (ID_AUDIT,XID_PAGE,XID_USER,NM_OPERATION_TYPE,DT_ACTION_TIME,DS_HOSTNAME,DS_IP) VALUES (8, 3, 1, 1, {ts '2015-09-17 18:47:52.69'}, 'hostname', 'ip');
INSERT INTO TB_AUDIT (ID_AUDIT,XID_PAGE,XID_USER,NM_OPERATION_TYPE,DT_ACTION_TIME,DS_HOSTNAME,DS_IP) VALUES (9, 5, 1, 1, {ts '2015-09-17 18:47:52.69'}, 'hostname', 'ip');
INSERT INTO TB_AUDIT (ID_AUDIT,XID_PAGE,XID_USER,NM_OPERATION_TYPE,DT_ACTION_TIME,DS_HOSTNAME,DS_IP) VALUES (10, 6, 1, 1, {ts '2015-09-17 23:59:59.99'}, 'hostname', 'ip');
INSERT INTO TB_AUDIT (ID_AUDIT,XID_PAGE,XID_USER,NM_OPERATION_TYPE,DT_ACTION_TIME,DS_HOSTNAME,DS_IP) VALUES (11, 1, 1, 1, {ts '2015-09-17'}, 'hostname', 'ip');
INSERT INTO TB_AUDIT (ID_AUDIT,XID_PAGE,XID_USER,NM_OPERATION_TYPE,DT_ACTION_TIME,DS_HOSTNAME,DS_IP) VALUES (12, 2, 1, 1, {ts '2015-09-17 00:00:00.00'}, 'hostname', 'ip');
INSERT INTO TB_AUDIT (ID_AUDIT,XID_PAGE,XID_USER,NM_OPERATION_TYPE,DT_ACTION_TIME,DS_HOSTNAME,DS_IP) VALUES (13, 3, 1, 1, {ts '2015-09-17 18:47:52.69'}, 'hostname', 'ip');
INSERT INTO TB_AUDIT (ID_AUDIT,XID_PAGE,XID_USER,NM_OPERATION_TYPE,DT_ACTION_TIME,DS_HOSTNAME,DS_IP) VALUES (14, 5, 1, 1, {ts '2015-09-17 18:47:52.69'}, 'hostname', 'ip');
INSERT INTO TB_AUDIT (ID_AUDIT,XID_PAGE,XID_USER,NM_OPERATION_TYPE,DT_ACTION_TIME,DS_HOSTNAME,DS_IP) VALUES (15, 6, 1, 1, {ts '2015-09-17 23:59:59.99'}, 'hostname', 'ip');

