/*****************************************
				RETREAT_HOUSE TABLE				
*****************************************/
CREATE TABLE TB_RETREAT_HOUSE(
  ID_RETREAT_HOUSE NUMBER NOT NULL,
  DS_NAME VARCHAR2(200) NOT NULL,
  DS_RESPONSABLE VARCHAR2(200) NOT NULL,
  DS_EMAIL VARCHAR2(100),  
  DS_PHONENUMBER VARCHAR2(15) NOT NULL,
  BL_RETREAT_HOUSE_ACTIVE NUMBER(1,0) DEFAULT 0 NOT NULL  CHECK (BL_RETREAT_HOUSE_ACTIVE IN (0,1)), 
  BL_RETREAT_HOUSE_DELETED NUMBER(1,0) DEFAULT 0 NOT NULL  
);

ALTER TABLE TB_RETREAT_HOUSE ADD CONSTRAINT PK_TB_RETREAT_HOUSE PRIMARY KEY ( ID_RETREAT_HOUSE );

CREATE SEQUENCE SEQ_TB_RETREAT_HOUSE MINVALUE 1 MAXVALUE 999999999999999999999999999 START WITH 1 INCREMENT BY 1 CACHE 20;

/*****************************************
				RETREAT TABLE				
*****************************************/
CREATE TABLE TB_RETREAT(
  ID_RETREAT NUMBER NOT NULL,
  NUM_RETREAT NUMBER NOT NULL UNIQUE,
  DS_COORDINATOR VARCHAR2(200) NOT NULL,
  DS_BASE VARCHAR2(200) NOT NULL,
  DS_TREASURER VARCHAR2(200) NOT NULL,
  DS_SECOND_TREASURER VARCHAR2(200) NOT NULL,
  DS_SECRETARY VARCHAR2(200) NOT NULL,
  DS_SECOND_SECRETARY VARCHAR2(200) NOT NULL,
  DS_CHEF VARCHAR2(200) NOT NULL,
  DS_SECOND_CHEF VARCHAR2(200) NOT NULL,
  DS_EXTERNAL_HEAD VARCHAR2(200) NOT NULL,
  DS_SECOND_EXTERNAL_HEAD VARCHAR2(200) NOT NULL,
  DT_RETREAT TIMESTAMP(0) NOT NULL,
  BL_RETREAT_ACTIVE NUMBER(1,0) DEFAULT 0 NOT NULL  CHECK (BL_RETREAT_ACTIVE IN (0,1)), 
  BL_RETREAT_DELETED NUMBER(1,0) DEFAULT 0 NOT NULL,
  XID_RETREAT_HOUSE NUMBER,
  DS_TYPE VARCHAR2(20) NOT NULL,
  DS_SECTOR VARCHAR2(30) NOT NULL
);

ALTER TABLE TB_RETREAT ADD CONSTRAINT PK_TB_RETREAT PRIMARY KEY ( ID_RETREAT );
ALTER TABLE TB_RETREAT ADD CONSTRAINT FK_RETREAT_RETREAT_HOUSE FOREIGN KEY ( XID_RETREAT_HOUSE ) REFERENCES TB_RETREAT_HOUSE (ID_RETREAT_HOUSE);

CREATE SEQUENCE SEQ_TB_RETREAT MINVALUE 1 MAXVALUE 999999999999999999999999999 START WITH 1 INCREMENT BY 1 CACHE 20;

/*****************************************
				CURSILHISTA TABLE		
*****************************************/

drop table tb_cursilhista;

CREATE TABLE TB_CURSILHISTA(
  ID NUMBER NOT NULL,
  NUM_CURSILHISTA NUMBER DEFAULT 0,
  DS_NAME VARCHAR2(200) NOT NULL,
  DS_PROFESSION VARCHAR2(200) NOT NULL,
  DS_EMAIL VARCHAR2(100),  
  DS_PHONENUMBER VARCHAR2(15),  
  DS_MOBILENUMBER VARCHAR2(15),
  DS_WORKNUMBER VARCHAR2(15),  
  BL_CURSILHISTA_ACTIVE NUMBER(1,0) DEFAULT 0 NOT NULL CHECK (BL_CURSILHISTA_ACTIVE IN (0,1)), 
  BL_CURSILHISTA_DELETED NUMBER(1,0) DEFAULT 0 NOT NULL,
  XID_RETREAT NUMBER,
  DS_MARITAL_STATUS VARCHAR2(100) NOT NULL,
  DS_GENDER VARCHAR2(50) NOT NULL,
  DS_RELIGION VARCHAR2(100) DEFAULT 'Catolicismo Romano' NOT NULL,  
  DS_NICKNAME VARCHAR2(100),
  DT_BIRTH TIMESTAMP(0) NOT NULL,
  DT_CREATE TIMESTAMP(0) NOT NULL,
  DT_LAST_UPDATE TIMESTAMP(0) NOT NULL,
  DS_CPF VARCHAR2(15),
  DS_ID VARCHAR2(12),
  DS_COMPANY_WORK VARCHAR2(200),
  DS_FUNCTION_WORK VARCHAR2(100),
  DS_NAME_SPOUSE VARCHAR2(200),
  DS_SACRAMENTS_LEVEL VARCHAR2(20),
  BL_ACTIVE_CHURCH NUMBER(1,0) DEFAULT 0 NOT NULL  CHECK (BL_ACTIVE_CHURCH IN (0,1)),--Ativo na igreja
  DS_PARISH_CHURCH VARCHAR2(100),--Paroquia
  DS_STUDENT VARCHAR2(12),--Estudante? Não/Escola/Universidade
  DS_LEVEL_EDUCATION VARCHAR2(20),--Grau de instrucao
  DS_PLACE_WORK VARCHAR2(100),
  BL_HEALTH_PROBLEM NUMBER(1,0) NOT NULL  CHECK (BL_HEALTH_PROBLEM IN (0,1)),--Problema de saúde
  DS_HEALTH_PROBLEM VARCHAR2(100),--Qual problema de saúde
  BL_SOME_DRUGS NUMBER(1,0) DEFAULT 0 NOT NULL  CHECK (BL_SOME_DRUGS IN (0,1)),--Problema de saúde
  BL_DIET_REC NUMBER(1,0) DEFAULT 0 NOT NULL  CHECK (BL_DIET_REC IN (0,1)),--Dieta por recomendacao medica  
  DS_NAME_PRESENTER VARCHAR2(200),
  XID_RETREAT_PRESENTER NUMBER,
  DS_PHONENUMBER_PRESENTER VARCHAR2(15),  
  DS_MOBILENUMBER_PRESENTER VARCHAR2(15),
  DS_WORKNUMBER_PRESENTER VARCHAR2(15),
  DS_PRESENTER_CADIDATE VARCHAR2(1000),--Grau de conhecimento com o candidato
  BL_PRESENTER_PARTICIPATE_CUR NUMBER(1,0) DEFAULT 0 NOT NULL  CHECK (BL_PRESENTER_PARTICIPATE_CUR IN (0,1)),
  DS_PARTICIPATE_CURSILHO VARCHAR2(100),--Qual comunidade de cursilho participa
  DS_COMMUNITY VARCHAR2(100),
  DS_SECTOR VARCHAR2(100),
  DS_EMAIL_PRESENTER VARCHAR2(100)
);

ALTER TABLE TB_CURSILHISTA ADD CONSTRAINT PK_TB_CURSILHISTA PRIMARY KEY ( ID );
ALTER TABLE TB_CURSILHISTA ADD CONSTRAINT FK_CURSILHISTA_RETREAT FOREIGN KEY ( XID_RETREAT ) REFERENCES TB_RETREAT (ID_RETREAT);
ALTER TABLE TB_CURSILHISTA ADD CONSTRAINT FK_PRESENTER_RETREAT FOREIGN KEY ( XID_RETREAT_PRESENTER ) REFERENCES TB_RETREAT (ID_RETREAT);

CREATE SEQUENCE SEQ_TB_CURSILHISTA MINVALUE 1 MAXVALUE 999999999999999999999999999 START WITH 1 INCREMENT BY 1 CACHE 20;

/*****************************************
				ADDRESS TABLE				
*****************************************/
create table TB_ADDRESS(
  ID_ADDRESS NUMBER NOT NULL,
  DS_CEP VARCHAR2(10) NOT NULL,
  DS_ADDRESS VARCHAR2(200) NOT NULL,
  DS_COMPLEMENT VARCHAR2(200) NULL,
  DS_NEIGHBORHOOD VARCHAR2(200) NOT NULL,
  DS_CITY VARCHAR2(200) NOT NULL,
  DS_STATE CHAR(2) NOT NULL,
  NM_IBGE NUMBER(6,0) NULL,
  TP_ADDRESS_TYPE CHAR(1) check (TP_ADDRESS_TYPE in ('S', 'E')),  
  XID_CURSILHISTA NUMBER,
  XID_RETREAT_HOUSE NUMBER,
  BL_ADDRESS_ACTIVE NUMBER(1,0) DEFAULT 0 NOT NULL, 
  BL_ADDRESS_DELETED NUMBER(1,0) DEFAULT 0 NOT NULL    
);

ALTER TABLE TB_ADDRESS ADD constraint PK_TB_ADDRESS primary key (ID_ADDRESS);
ALTER TABLE TB_ADDRESS ADD constraint FK_TB_CURSILHISTA foreign key(XID_CURSILHISTA) references TB_CURSILHISTA(ID);
ALTER TABLE TB_ADDRESS ADD constraint FK_TB_RETREAT_HOUSE foreign key(XID_RETREAT_HOUSE) references TB_RETREAT_HOUSE(ID_RETREAT_HOUSE);

CREATE SEQUENCE SEQ_TB_ADDRESS MINVALUE 1 MAXVALUE 999999999999999999999999999 START WITH 1 INCREMENT BY 1 CACHE 20;

--*****************************************
--				USER TABLE
--SELECT * FROM TB_USER;
--*****************************************/
CREATE TABLE TB_USER(
  ID_USER NUMBER NOT NULL,
  DS_PASSWORD VARCHAR2(160) NOT NULL,
  DS_NAME VARCHAR2(200) NOT NULL,
  DS_EMAIL VARCHAR2(100) NOT NULL,  
  DS_PHONENUMBER VARCHAR2(15) NOT NULL,
  BL_USER_ACTIVE NUMBER(1,0) DEFAULT 0 NOT NULL  CHECK (BL_USER_ACTIVE IN (0,1)), 
  BL_USER_DELETED NUMBER(1,0) DEFAULT 0 NOT NULL, 
  XID_RETREAT NUMBER
);

ALTER TABLE TB_USER ADD CONSTRAINT PK_TB_USER PRIMARY KEY ( ID_USER );
ALTER TABLE TB_USER ADD CONSTRAINT FK_USER_RETREAT FOREIGN KEY ( XID_RETREAT ) REFERENCES TB_RETREAT (ID_RETREAT);
CREATE SEQUENCE SEQ_TB_USER MINVALUE 1 MAXVALUE 999999999999999999999999999 START WITH 1 INCREMENT BY 1 CACHE 20;

--*****************************************
--			PROFILE TABLE
--SELECT * FROM TB_PROFILE;
--*****************************************/
CREATE TABLE TB_PROFILE(
    ID_PROFILE NUMBER NOT NULL , 
	DS_PROFILE VARCHAR2(50) NOT NULL,
	DS_DESCRIPTION VARCHAR2(100) NOT NULL
);

ALTER TABLE TB_PROFILE ADD CONSTRAINT PK_PROFILE PRIMARY KEY ( ID_PROFILE );
CREATE SEQUENCE SEQ_TB_PROFILE MINVALUE 1 MAXVALUE 999999999999999999999999999 START WITH 1 INCREMENT BY 1 CACHE 20;

--*****************************************
--			USER PROFILE TABLE		
--SELECT * FROM TB_USER_PROFILE;
--*****************************************/
CREATE TABLE TB_USER_PROFILE(
	XID_USER NUMBER NOT NULL , 
	XID_PROFILE NUMBER NOT NULL
);

ALTER TABLE TB_USER_PROFILE ADD CONSTRAINT PK_USER_PROFILE PRIMARY KEY ( XID_USER, XID_PROFILE );
ALTER TABLE TB_USER_PROFILE ADD CONSTRAINT FK_USER_PROFILE FOREIGN KEY ( XID_USER ) REFERENCES TB_USER (ID_USER);
ALTER TABLE TB_USER_PROFILE ADD CONSTRAINT FK_PROFILE_USER_PROFILE FOREIGN KEY ( XID_PROFILE ) REFERENCES TB_PROFILE (ID_PROFILE);

CREATE SEQUENCE SEQ_TB_USER_PROFILE MINVALUE 1 MAXVALUE 999999999999999999999999999 START WITH 1 INCREMENT BY 1 CACHE 20;

--*****************************************
--			ROLE TABLE			
--SELECT * FROM TB_ROLE;
--*****************************************/
CREATE TABLE TB_ROLE(
    ID_ROLE NUMBER NOT NULL , 
	DS_ROLE VARCHAR2(50) NOT NULL,
	DS_DESCRIPTION VARCHAR2(100) NOT NULL
);

ALTER TABLE TB_ROLE ADD CONSTRAINT PK_ROLE PRIMARY KEY ( ID_ROLE );
CREATE SEQUENCE SEQ_TB_ROLE MINVALUE 1 MAXVALUE 999999999999999999999999999 START WITH 1 INCREMENT BY 1 CACHE 20;

--*****************************************
--			PROFILE ROLE TABLE		
--SELECT * FROM TB_PROFILE_ROLE;
--*****************************************/
CREATE TABLE TB_PROFILE_ROLE(
	XID_PROFILE NUMBER NOT NULL , 
	XID_ROLE NUMBER NOT NULL
);

ALTER TABLE TB_PROFILE_ROLE ADD CONSTRAINT PK_PROFILE_ROLE PRIMARY KEY ( XID_PROFILE, XID_ROLE );
ALTER TABLE TB_PROFILE_ROLE ADD CONSTRAINT FK_ROLE FOREIGN KEY ( XID_ROLE ) REFERENCES TB_ROLE (ID_ROLE);
ALTER TABLE TB_PROFILE_ROLE ADD CONSTRAINT FK_PROFILE_PROFILE_ROL FOREIGN KEY ( XID_PROFILE ) REFERENCES TB_PROFILE (ID_PROFILE);

--*****************************************
--				PAGE TABLE		
--SELECT * FROM TB_PAGE;
--*****************************************/
create table TB_PAGE(
  ID_PAGE NUMBER NOT NULL,
  DS_TITLE VARCHAR2(200) NOT NULL,
  DS_PATH VARCHAR2(100) NOT NULL,
  DS_ACTION VARCHAR2(100) NOT NULL,
  XID_PARENT NUMBER
);
alter table TB_PAGE add constraint PK_TB_PAGE primary key (ID_PAGE);
alter table TB_PAGE add constraint FK_TB_PAGE foreign key(XID_PARENT) references TB_PAGE(ID_PAGE);
alter table TB_PAGE  add constraint UK_DS_PATH unique (DS_PATH);

CREATE SEQUENCE SEQ_TB_PAGE MINVALUE 1 MAXVALUE 999999999999999999999999999 START WITH 1 INCREMENT BY 1 CACHE 20;

--*****************************************
--				AUDIT TABLE		
--SELECT * FROM TB_AUDIT;
--*****************************************/
create table TB_AUDIT(
  ID_AUDIT NUMBER NOT NULL,
  XID_PAGE NUMBER NOT NULL,
  XID_USER NUMBER NOT NULL,
  NM_OPERATION_TYPE NUMBER(2,0) NOT NULL, 
  DT_ACTION_TIME TIMESTAMP NOT NULL,
  DS_HOSTNAME VARCHAR2(200) NOT NULL,
  DS_IP VARCHAR2(20) NOT NULL
);

alter table TB_AUDIT add constraint PK_TB_AUDIT primary key (ID_AUDIT);

alter table TB_AUDIT add constraint FK_TB_USER_2 foreign key(XID_USER) references TB_USER(ID_USER);
alter table TB_AUDIT add constraint FK_TB_PAGE_2 foreign key(XID_PAGE) references TB_PAGE(ID_PAGE);

CREATE SEQUENCE SEQ_TB_AUDIT MINVALUE 1 MAXVALUE 999999999999999999999999999 START WITH 1 INCREMENT BY 1 CACHE 20;

--*****************************************
--          TB_USER_REQUEST_ACCESS		
--SELECT * FROM TB_USER_REQUEST_ACCESS;
--*****************************************/
CREATE TABLE TB_USER_REQUEST_ACCESS (
  ID_USER_REQUEST_ACCESSS NUMBER(10) NOT NULL PRIMARY KEY,
  XID_USER  NUMBER(8) NOT NULL,
  DS_REQUEST_CODE VARCHAR2(40) NOT NULL,
  DT_REQUEST_VALID TIMESTAMP(6) NOT NULL
);

ALTER TABLE TB_USER_REQUEST_ACCESS ADD CONSTRAINT FK_TB_USER_REQUEST_ACCESS_USER FOREIGN KEY (XID_USER)
      REFERENCES TB_USER (ID_USER);
      
ALTER TABLE TB_USER_REQUEST_ACCESS ADD CONSTRAINT UK_TB_USER_REQUEST_ACCESS_CODE UNIQUE (DS_REQUEST_CODE);

CREATE SEQUENCE SEQ_TB_USER_REQUEST_ACCESS MINVALUE 1 MAXVALUE 999999999999999999999999999 START WITH 1 INCREMENT BY 1 CACHE 20;

--**********************************
-- 		USER ADMIN INSERT
--***********************************/
INSERT INTO TB_USER (ID_USER, DS_PASSWORD, DS_NAME, DS_EMAIL, DS_PHONENUMBER, BL_USER_ACTIVE ,BL_USER_DELETED) 
  VALUES(1, '$2a$08$hx/be85nYJ8OBVTdwbjXuern2sE2ijsrOFzkHZba/Uc/DDBnS9r8O', 'Administrador', 'admin@google.com', '(21) 97344-4567', 1, 0); 
INSERT INTO TB_USER (ID_USER, DS_PASSWORD, DS_NAME, DS_EMAIL, DS_PHONENUMBER, BL_USER_ACTIVE ,BL_USER_DELETED) 
  VALUES(2, '$2a$08$hx/be85nYJ8OBVTdwbjXuern2sE2ijsrOFzkHZba/Uc/DDBnS9r8O', 'User', 'user@google.com', '(21) 97654-3210', 1, 0);
INSERT INTO TB_USER (ID_USER, DS_PASSWORD, DS_NAME, DS_EMAIL, DS_PHONENUMBER, BL_USER_ACTIVE ,BL_USER_DELETED) 
  VALUES(3, '$2a$08$hx/be85nYJ8OBVTdwbjXuern2sE2ijsrOFzkHZba/Uc/DDBnS9r8O', 'Secretario', 'sec@google.com', '(21) 97654-3210', 1, 0);
INSERT INTO TB_USER (ID_USER, DS_PASSWORD, DS_NAME, DS_EMAIL, DS_PHONENUMBER, BL_USER_ACTIVE ,BL_USER_DELETED, XID_RETREAT) 
  VALUES(4, '$2a$08$hx/be85nYJ8OBVTdwbjXuern2sE2ijsrOFzkHZba/Uc/DDBnS9r8O', 'Coordenador', 'co@google.com', '(21) 97654-0000', 1, 0, 100);

--**********************************
--  		USER PROFILE ADMIN INSERT
--***********************************/
INSERT INTO TB_PROFILE (ID_PROFILE, DS_PROFILE, DS_DESCRIPTION) VALUES (1, 'PROFILE_ADMIN', 'PERFIL ADMINISTRADOR'); 
INSERT INTO TB_PROFILE (ID_PROFILE, DS_PROFILE, DS_DESCRIPTION) VALUES (2, 'PROFILE_USER', 'PERFIL USUARIO'); 
INSERT INTO TB_PROFILE (ID_PROFILE, DS_PROFILE, DS_DESCRIPTION) VALUES (3, 'PROFILE_SECRETARY', 'PERFIL SECRETARIO');
INSERT INTO TB_PROFILE (ID_PROFILE, DS_PROFILE, DS_DESCRIPTION) VALUES (4, 'PROFILE_COORDINATOR', 'PERFIL COORDENADOR');

--**********************************
--  		USER PROFILE ADMIN INSERT
--***********************************/
INSERT INTO TB_USER_PROFILE (XID_USER, XID_PROFILE) VALUES (1, 1);
--INSERT INTO TB_USER_PROFILE (XID_USER, XID_PROFILE) VALUES (1, 2);
--INSERT INTO TB_USER_PROFILE (XID_USER, XID_PROFILE) VALUES (1, 3);

INSERT INTO TB_USER_PROFILE (XID_USER, XID_PROFILE) VALUES (2, 2);
--INSERT INTO TB_USER_PROFILE (XID_USER, XID_PROFILE) VALUES (2, 3);

INSERT INTO TB_USER_PROFILE (XID_USER, XID_PROFILE) VALUES (3, 3);

INSERT INTO TB_USER_PROFILE (XID_USER, XID_PROFILE) VALUES (4, 4);

--**********************************
--  		ROLE ADMIN INSERT
--***********************************/
--ROLES LOGIN
INSERT INTO TB_ROLE (ID_ROLE, DS_ROLE, DS_DESCRIPTION) VALUES (1, 'ROLE_LOGIN', 'LOGIN');
INSERT INTO TB_ROLE (ID_ROLE, DS_ROLE, DS_DESCRIPTION) VALUES (2, 'ROLE_EDIT_LOGIN', 'EDIT LOGIN');
INSERT INTO TB_ROLE (ID_ROLE, DS_ROLE, DS_DESCRIPTION) VALUES (3, 'ROLE_HELLO', 'HELLO');
INSERT INTO TB_ROLE (ID_ROLE, DS_ROLE, DS_DESCRIPTION) VALUES (4, 'ROLE_HOME', 'HOME');

--ROLES USER
INSERT INTO TB_ROLE (ID_ROLE, DS_ROLE, DS_DESCRIPTION) VALUES (5, 'ROLE_ADMIN_USER', 'ROLE ADMIN USER');
INSERT INTO TB_ROLE (ID_ROLE, DS_ROLE, DS_DESCRIPTION) VALUES (6, 'ROLE_LIST_USER', 'ROLE LIST USER');
INSERT INTO TB_ROLE (ID_ROLE, DS_ROLE, DS_DESCRIPTION) VALUES (7, 'ROLE_ADD_USER', 'ROLE ADD USER');
INSERT INTO TB_ROLE (ID_ROLE, DS_ROLE, DS_DESCRIPTION) VALUES (8, 'ROLE_EDIT_USER', 'ROLE EDIT USER');
INSERT INTO TB_ROLE (ID_ROLE, DS_ROLE, DS_DESCRIPTION) VALUES (9, 'ROLE_DELETE_USER', 'ROLE DELETE USER');
INSERT INTO TB_ROLE (ID_ROLE, DS_ROLE, DS_DESCRIPTION) VALUES (10, 'ROLE_DETAILS_USER', 'ROLE DETAILS USER');
INSERT INTO TB_ROLE (ID_ROLE, DS_ROLE, DS_DESCRIPTION) VALUES (11, 'ROLE_ACTIVE_INACTIVE_USER', 'ROLE ACTIVE INACTIVE USER');
INSERT INTO TB_ROLE (ID_ROLE, DS_ROLE, DS_DESCRIPTION) VALUES (12, 'ROLE_REPORT_USER', 'ROLE REPORT USER');

--ROLES RETREAT_HOUSE
INSERT INTO TB_ROLE (ID_ROLE, DS_ROLE, DS_DESCRIPTION) VALUES (13, 'ROLE_ADMIN_RETREAT_HOUSE', 'ROLE ADMIN RETREAT_HOUSE');
INSERT INTO TB_ROLE (ID_ROLE, DS_ROLE, DS_DESCRIPTION) VALUES (14, 'ROLE_LIST_RETREAT_HOUSE', 'ROLE LIST RETREAT_HOUSE');
INSERT INTO TB_ROLE (ID_ROLE, DS_ROLE, DS_DESCRIPTION) VALUES (15, 'ROLE_ADD_RETREAT_HOUSE', 'ROLE ADD RETREAT_HOUSE');
INSERT INTO TB_ROLE (ID_ROLE, DS_ROLE, DS_DESCRIPTION) VALUES (16, 'ROLE_EDIT_RETREAT_HOUSE', 'ROLE EDIT RETREAT_HOUSE');
INSERT INTO TB_ROLE (ID_ROLE, DS_ROLE, DS_DESCRIPTION) VALUES (17, 'ROLE_DELETE_RETREAT_HOUSE', 'ROLE DELETE RETREAT_HOUSE');
INSERT INTO TB_ROLE (ID_ROLE, DS_ROLE, DS_DESCRIPTION) VALUES (18, 'ROLE_DETAILS_RETREAT_HOUSE', 'ROLE DETAILS RETREAT_HOUSE');
INSERT INTO TB_ROLE (ID_ROLE, DS_ROLE, DS_DESCRIPTION) VALUES (19, 'ROLE_ACTIVE_INACTIVE_RETREAT_HOUSE', 'ROLE ACTIVE INACTIVE RETREAT_HOUSE');
INSERT INTO TB_ROLE (ID_ROLE, DS_ROLE, DS_DESCRIPTION) VALUES (20, 'ROLE_REPORT_RETREAT_HOUSE', 'ROLE REPORT RETREAT_HOUSE');

--ROLES CURSILHISTA
INSERT INTO TB_ROLE (ID_ROLE, DS_ROLE, DS_DESCRIPTION) VALUES (21, 'ROLE_ADMIN_CURSILHISTA', 'ROLE ADMIN CURSILHISTA');
INSERT INTO TB_ROLE (ID_ROLE, DS_ROLE, DS_DESCRIPTION) VALUES (22, 'ROLE_LIST_CURSILHISTA', 'ROLE LIST CURSILHISTA');
INSERT INTO TB_ROLE (ID_ROLE, DS_ROLE, DS_DESCRIPTION) VALUES (23, 'ROLE_ADD_CURSILHISTA', 'ROLE ADD CURSILHISTA');
INSERT INTO TB_ROLE (ID_ROLE, DS_ROLE, DS_DESCRIPTION) VALUES (24, 'ROLE_EDIT_CURSILHISTA', 'ROLE EDIT CURSILHISTA');
INSERT INTO TB_ROLE (ID_ROLE, DS_ROLE, DS_DESCRIPTION) VALUES (25, 'ROLE_DELETE_CURSILHISTA', 'ROLE DELETE CURSILHISTA');
INSERT INTO TB_ROLE (ID_ROLE, DS_ROLE, DS_DESCRIPTION) VALUES (26, 'ROLE_DETAILS_CURSILHISTA', 'ROLE DETAILS CURSILHISTA');
INSERT INTO TB_ROLE (ID_ROLE, DS_ROLE, DS_DESCRIPTION) VALUES (27, 'ROLE_ACTIVE_INACTIVE_CURSILHISTA', 'ROLE ACTIVE INACTIVE CURSILHISTA');
INSERT INTO TB_ROLE (ID_ROLE, DS_ROLE, DS_DESCRIPTION) VALUES (28, 'ROLE_REPORT_CURSILHISTA', 'ROLE REPORT CURSILHISTA');

--ROLES RETREAT
INSERT INTO TB_ROLE (ID_ROLE, DS_ROLE, DS_DESCRIPTION) VALUES (29, 'ROLE_ADMIN_RETREAT', 'ROLE ADMIN RETREAT');
INSERT INTO TB_ROLE (ID_ROLE, DS_ROLE, DS_DESCRIPTION) VALUES (30, 'ROLE_LIST_RETREAT', 'ROLE LIST RETREAT');
INSERT INTO TB_ROLE (ID_ROLE, DS_ROLE, DS_DESCRIPTION) VALUES (31, 'ROLE_ADD_RETREAT', 'ROLE ADD RETREAT');
INSERT INTO TB_ROLE (ID_ROLE, DS_ROLE, DS_DESCRIPTION) VALUES (32, 'ROLE_EDIT_RETREAT', 'ROLE EDIT RETREAT');
INSERT INTO TB_ROLE (ID_ROLE, DS_ROLE, DS_DESCRIPTION) VALUES (33, 'ROLE_DELETE_RETREAT', 'ROLE DELETE RETREAT');
INSERT INTO TB_ROLE (ID_ROLE, DS_ROLE, DS_DESCRIPTION) VALUES (34, 'ROLE_DETAILS_RETREAT', 'ROLE DETAILS RETREAT');
INSERT INTO TB_ROLE (ID_ROLE, DS_ROLE, DS_DESCRIPTION) VALUES (35, 'ROLE_ACTIVE_INACTIVE_RETREAT', 'ROLE ACTIVE INACTIVE RETREAT');
INSERT INTO TB_ROLE (ID_ROLE, DS_ROLE, DS_DESCRIPTION) VALUES (36, 'ROLE_REPORT_RETREAT', 'ROLE REPORT RETREAT');

--ROLES CANDIDATE
INSERT INTO TB_ROLE (ID_ROLE, DS_ROLE, DS_DESCRIPTION) VALUES (37, 'ROLE_ADMIN_CANDIDATE', 'ROLE ADMIN CANDIDATE');
INSERT INTO TB_ROLE (ID_ROLE, DS_ROLE, DS_DESCRIPTION) VALUES (38, 'ROLE_LIST_CANDIDATE', 'ROLE LIST CANDIDATE');
INSERT INTO TB_ROLE (ID_ROLE, DS_ROLE, DS_DESCRIPTION) VALUES (39, 'ROLE_ADD_CANDIDATE', 'ROLE ADD CANDIDATE');
INSERT INTO TB_ROLE (ID_ROLE, DS_ROLE, DS_DESCRIPTION) VALUES (40, 'ROLE_EDIT_CANDIDATE', 'ROLE EDIT CANDIDATE');
INSERT INTO TB_ROLE (ID_ROLE, DS_ROLE, DS_DESCRIPTION) VALUES (41, 'ROLE_DELETE_CANDIDATE', 'ROLE DELETE CANDIDATE');
INSERT INTO TB_ROLE (ID_ROLE, DS_ROLE, DS_DESCRIPTION) VALUES (42, 'ROLE_DETAILS_CANDIDATE', 'ROLE DETAILS CANDIDATE');
INSERT INTO TB_ROLE (ID_ROLE, DS_ROLE, DS_DESCRIPTION) VALUES (43, 'ROLE_ACTIVE_INACTIVE_CANDIDATE', 'ROLE ACTIVE INACTIVE CANDIDATE');
INSERT INTO TB_ROLE (ID_ROLE, DS_ROLE, DS_DESCRIPTION) VALUES (44, 'ROLE_REPORT_CANDIDATE', 'ROLE REPORT CANDIDATE');

INSERT INTO TB_ROLE (ID_ROLE, DS_ROLE, DS_DESCRIPTION) VALUES (45, 'ROLE_ADMIN_REPORT', 'ROLE REPORT REPORT');

INSERT INTO TB_ROLE (ID_ROLE, DS_ROLE, DS_DESCRIPTION) VALUES (46, 'ROLE_REPORT_AUDIT', 'ROLE REPORT AUDIT');
/**********************************
  		PROFILE ROLE ADMIN INSERT
 ***********************************/

--PROFILE_USER - Todas as permissões

--ROLES LOGIN
INSERT INTO TB_PROFILE_ROLE (XID_PROFILE, XID_ROLE) VALUES (1, 1);
INSERT INTO TB_PROFILE_ROLE (XID_PROFILE, XID_ROLE) VALUES (1, 2);
INSERT INTO TB_PROFILE_ROLE (XID_PROFILE, XID_ROLE) VALUES (1, 3);
INSERT INTO TB_PROFILE_ROLE (XID_PROFILE, XID_ROLE) VALUES (1, 4);
--ROLES USER
INSERT INTO TB_PROFILE_ROLE (XID_PROFILE, XID_ROLE) VALUES (1, 5);
INSERT INTO TB_PROFILE_ROLE (XID_PROFILE, XID_ROLE) VALUES (1, 6);
INSERT INTO TB_PROFILE_ROLE (XID_PROFILE, XID_ROLE) VALUES (1, 7);
INSERT INTO TB_PROFILE_ROLE (XID_PROFILE, XID_ROLE) VALUES (1, 8);
INSERT INTO TB_PROFILE_ROLE (XID_PROFILE, XID_ROLE) VALUES (1, 9);
INSERT INTO TB_PROFILE_ROLE (XID_PROFILE, XID_ROLE) VALUES (1, 10);
INSERT INTO TB_PROFILE_ROLE (XID_PROFILE, XID_ROLE) VALUES (1, 11);
INSERT INTO TB_PROFILE_ROLE (XID_PROFILE, XID_ROLE) VALUES (1, 12);
--ROLES RETREAT_HOUSE
INSERT INTO TB_PROFILE_ROLE (XID_PROFILE, XID_ROLE) VALUES (1, 13);
INSERT INTO TB_PROFILE_ROLE (XID_PROFILE, XID_ROLE) VALUES (1, 14);
INSERT INTO TB_PROFILE_ROLE (XID_PROFILE, XID_ROLE) VALUES (1, 15);
INSERT INTO TB_PROFILE_ROLE (XID_PROFILE, XID_ROLE) VALUES (1, 16);
INSERT INTO TB_PROFILE_ROLE (XID_PROFILE, XID_ROLE) VALUES (1, 17);
INSERT INTO TB_PROFILE_ROLE (XID_PROFILE, XID_ROLE) VALUES (1, 18);
INSERT INTO TB_PROFILE_ROLE (XID_PROFILE, XID_ROLE) VALUES (1, 19);
INSERT INTO TB_PROFILE_ROLE (XID_PROFILE, XID_ROLE) VALUES (1, 20);
--ROLES CURSILHISTA
INSERT INTO TB_PROFILE_ROLE (XID_PROFILE, XID_ROLE) VALUES (1, 21);
INSERT INTO TB_PROFILE_ROLE (XID_PROFILE, XID_ROLE) VALUES (1, 22);
INSERT INTO TB_PROFILE_ROLE (XID_PROFILE, XID_ROLE) VALUES (1, 23);
INSERT INTO TB_PROFILE_ROLE (XID_PROFILE, XID_ROLE) VALUES (1, 24);
INSERT INTO TB_PROFILE_ROLE (XID_PROFILE, XID_ROLE) VALUES (1, 25);
INSERT INTO TB_PROFILE_ROLE (XID_PROFILE, XID_ROLE) VALUES (1, 26);
INSERT INTO TB_PROFILE_ROLE (XID_PROFILE, XID_ROLE) VALUES (1, 27);
INSERT INTO TB_PROFILE_ROLE (XID_PROFILE, XID_ROLE) VALUES (1, 28);
--ROLES RETREAT
INSERT INTO TB_PROFILE_ROLE (XID_PROFILE, XID_ROLE) VALUES (1, 29);
INSERT INTO TB_PROFILE_ROLE (XID_PROFILE, XID_ROLE) VALUES (1, 30);
INSERT INTO TB_PROFILE_ROLE (XID_PROFILE, XID_ROLE) VALUES (1, 31);
INSERT INTO TB_PROFILE_ROLE (XID_PROFILE, XID_ROLE) VALUES (1, 32);
INSERT INTO TB_PROFILE_ROLE (XID_PROFILE, XID_ROLE) VALUES (1, 33);
INSERT INTO TB_PROFILE_ROLE (XID_PROFILE, XID_ROLE) VALUES (1, 34);
INSERT INTO TB_PROFILE_ROLE (XID_PROFILE, XID_ROLE) VALUES (1, 35);
INSERT INTO TB_PROFILE_ROLE (XID_PROFILE, XID_ROLE) VALUES (1, 36);
--ROLES CANDIDATE
INSERT INTO TB_PROFILE_ROLE (XID_PROFILE, XID_ROLE) VALUES (1, 37);
INSERT INTO TB_PROFILE_ROLE (XID_PROFILE, XID_ROLE) VALUES (1, 38);
INSERT INTO TB_PROFILE_ROLE (XID_PROFILE, XID_ROLE) VALUES (1, 39);
INSERT INTO TB_PROFILE_ROLE (XID_PROFILE, XID_ROLE) VALUES (1, 40);
INSERT INTO TB_PROFILE_ROLE (XID_PROFILE, XID_ROLE) VALUES (1, 41);
INSERT INTO TB_PROFILE_ROLE (XID_PROFILE, XID_ROLE) VALUES (1, 42);
INSERT INTO TB_PROFILE_ROLE (XID_PROFILE, XID_ROLE) VALUES (1, 43);
INSERT INTO TB_PROFILE_ROLE (XID_PROFILE, XID_ROLE) VALUES (1, 44);
--ROLE REPORT MIRANTE
INSERT INTO TB_PROFILE_ROLE (XID_PROFILE, XID_ROLE) VALUES (1, 45);

INSERT INTO TB_PROFILE_ROLE (XID_PROFILE, XID_ROLE) VALUES (1, 46);
----------------------------------------------------------------------

--PROFILE_USER - Menos User e Relatórios

--ROLES LOGIN
INSERT INTO TB_PROFILE_ROLE (XID_PROFILE, XID_ROLE) VALUES (2, 1);
INSERT INTO TB_PROFILE_ROLE (XID_PROFILE, XID_ROLE) VALUES (2, 2);
INSERT INTO TB_PROFILE_ROLE (XID_PROFILE, XID_ROLE) VALUES (2, 3);
INSERT INTO TB_PROFILE_ROLE (XID_PROFILE, XID_ROLE) VALUES (2, 4);
--ROLES RETREAT_HOUSE
INSERT INTO TB_PROFILE_ROLE (XID_PROFILE, XID_ROLE) VALUES (2, 13);
INSERT INTO TB_PROFILE_ROLE (XID_PROFILE, XID_ROLE) VALUES (2, 14);
INSERT INTO TB_PROFILE_ROLE (XID_PROFILE, XID_ROLE) VALUES (2, 15);
INSERT INTO TB_PROFILE_ROLE (XID_PROFILE, XID_ROLE) VALUES (2, 16);
INSERT INTO TB_PROFILE_ROLE (XID_PROFILE, XID_ROLE) VALUES (2, 17);
INSERT INTO TB_PROFILE_ROLE (XID_PROFILE, XID_ROLE) VALUES (2, 18);
INSERT INTO TB_PROFILE_ROLE (XID_PROFILE, XID_ROLE) VALUES (2, 19);
--ROLES CURSILHISTA
INSERT INTO TB_PROFILE_ROLE (XID_PROFILE, XID_ROLE) VALUES (2, 21);
INSERT INTO TB_PROFILE_ROLE (XID_PROFILE, XID_ROLE) VALUES (2, 22);
INSERT INTO TB_PROFILE_ROLE (XID_PROFILE, XID_ROLE) VALUES (2, 23);
INSERT INTO TB_PROFILE_ROLE (XID_PROFILE, XID_ROLE) VALUES (2, 24);
INSERT INTO TB_PROFILE_ROLE (XID_PROFILE, XID_ROLE) VALUES (2, 25);
INSERT INTO TB_PROFILE_ROLE (XID_PROFILE, XID_ROLE) VALUES (2, 26);
INSERT INTO TB_PROFILE_ROLE (XID_PROFILE, XID_ROLE) VALUES (2, 27);
--ROLES RETREAT
INSERT INTO TB_PROFILE_ROLE (XID_PROFILE, XID_ROLE) VALUES (2, 29);
INSERT INTO TB_PROFILE_ROLE (XID_PROFILE, XID_ROLE) VALUES (2, 30);
INSERT INTO TB_PROFILE_ROLE (XID_PROFILE, XID_ROLE) VALUES (2, 31);
INSERT INTO TB_PROFILE_ROLE (XID_PROFILE, XID_ROLE) VALUES (2, 32);
INSERT INTO TB_PROFILE_ROLE (XID_PROFILE, XID_ROLE) VALUES (2, 33);
INSERT INTO TB_PROFILE_ROLE (XID_PROFILE, XID_ROLE) VALUES (2, 34);
INSERT INTO TB_PROFILE_ROLE (XID_PROFILE, XID_ROLE) VALUES (2, 35);
--ROLES CANDIDATE
INSERT INTO TB_PROFILE_ROLE (XID_PROFILE, XID_ROLE) VALUES (2, 37);
INSERT INTO TB_PROFILE_ROLE (XID_PROFILE, XID_ROLE) VALUES (2, 38);
INSERT INTO TB_PROFILE_ROLE (XID_PROFILE, XID_ROLE) VALUES (2, 39);
INSERT INTO TB_PROFILE_ROLE (XID_PROFILE, XID_ROLE) VALUES (2, 40);
INSERT INTO TB_PROFILE_ROLE (XID_PROFILE, XID_ROLE) VALUES (2, 41);
INSERT INTO TB_PROFILE_ROLE (XID_PROFILE, XID_ROLE) VALUES (2, 42);
INSERT INTO TB_PROFILE_ROLE (XID_PROFILE, XID_ROLE) VALUES (2, 43);
--ROLE REPORT MIRANTE
INSERT INTO TB_PROFILE_ROLE (XID_PROFILE, XID_ROLE) VALUES (2, 45);

----------------------------------------------------------------------

--PROFILE_SECRETARY - Somente login e candidato
--Login
INSERT INTO TB_PROFILE_ROLE (XID_PROFILE, XID_ROLE) VALUES (3, 1);
INSERT INTO TB_PROFILE_ROLE (XID_PROFILE, XID_ROLE) VALUES (3, 2);
INSERT INTO TB_PROFILE_ROLE (XID_PROFILE, XID_ROLE) VALUES (3, 3);
INSERT INTO TB_PROFILE_ROLE (XID_PROFILE, XID_ROLE) VALUES (3, 4);
--Candidate
INSERT INTO TB_PROFILE_ROLE (XID_PROFILE, XID_ROLE) VALUES (3, 37);
INSERT INTO TB_PROFILE_ROLE (XID_PROFILE, XID_ROLE) VALUES (3, 38);
INSERT INTO TB_PROFILE_ROLE (XID_PROFILE, XID_ROLE) VALUES (3, 39);
INSERT INTO TB_PROFILE_ROLE (XID_PROFILE, XID_ROLE) VALUES (3, 40);
INSERT INTO TB_PROFILE_ROLE (XID_PROFILE, XID_ROLE) VALUES (3, 41);
INSERT INTO TB_PROFILE_ROLE (XID_PROFILE, XID_ROLE) VALUES (3, 42);
INSERT INTO TB_PROFILE_ROLE (XID_PROFILE, XID_ROLE) VALUES (3, 43);
--ROLE REPORT MIRANTE
INSERT INTO TB_PROFILE_ROLE (XID_PROFILE, XID_ROLE) VALUES (3, 45);


--**********************************
--  		TB_PAGE ADMIN INSERT
--***********************************/
INSERT INTO TB_PAGE(ID_PAGE, DS_TITLE, DS_PATH, DS_ACTION, XID_PARENT) VALUES(1, 'Adição de Usuário', '/user/add', 'Cadastra Usuário', null);
INSERT INTO TB_PAGE(ID_PAGE, DS_TITLE, DS_PATH, DS_ACTION, XID_PARENT) VALUES(2, 'Alteração de Usuário', '/user/edit', 'Altera Usuário', null);
INSERT INTO TB_PAGE(ID_PAGE, DS_TITLE, DS_PATH, DS_ACTION, XID_PARENT) VALUES(3, 'Administração de Usuário', '/user/admin', 'Administração de Usuário', null);
INSERT INTO TB_PAGE(ID_PAGE, DS_TITLE, DS_PATH, DS_ACTION, XID_PARENT) VALUES(4, 'Logout', '/logout', 'Sair do Sistema', null);
INSERT INTO TB_PAGE(ID_PAGE, DS_TITLE, DS_PATH, DS_ACTION, XID_PARENT) VALUES(5, 'Login', '/login', 'Entrar Sistema', null);

INSERT INTO TB_PAGE(ID_PAGE, DS_TITLE, DS_PATH, DS_ACTION, XID_PARENT) VALUES(6, 'Adição de Casa de Retiro', '/retreathouse/add', 'Cadastra Casa de Retiro', null);
INSERT INTO TB_PAGE(ID_PAGE, DS_TITLE, DS_PATH, DS_ACTION, XID_PARENT) VALUES(7, 'Alteração de Casa de Retiro', '/retreathouse/edit', 'Altera Casa de Retiro', null);
INSERT INTO TB_PAGE(ID_PAGE, DS_TITLE, DS_PATH, DS_ACTION, XID_PARENT) VALUES(8, 'Administração de Casa de Retiro', '/retreathouse/admin', 'Administração de Casa de Retiro', null);

INSERT INTO TB_PAGE(ID_PAGE, DS_TITLE, DS_PATH, DS_ACTION, XID_PARENT) VALUES(9, 'Adição de Cursilhista', '/cursilhista/add', 'Cadastra Cursilhista', null);
INSERT INTO TB_PAGE(ID_PAGE, DS_TITLE, DS_PATH, DS_ACTION, XID_PARENT) VALUES(10, 'Alteração de Cursilhista', '/cursilhista/edit', 'Altera Cursilhista', null);
INSERT INTO TB_PAGE(ID_PAGE, DS_TITLE, DS_PATH, DS_ACTION, XID_PARENT) VALUES(11, 'Administração de Cursilhista', '/cursilhista/admin', 'Administração de Cursilhista', null);

INSERT INTO TB_PAGE(ID_PAGE, DS_TITLE, DS_PATH, DS_ACTION, XID_PARENT) VALUES(12, 'Adição de Retiro', '/retreat/add', 'Cadastra Retiro', null);
INSERT INTO TB_PAGE(ID_PAGE, DS_TITLE, DS_PATH, DS_ACTION, XID_PARENT) VALUES(13, 'Alteração de Retiro', '/retreat/edit', 'Altera Retiro', null);
INSERT INTO TB_PAGE(ID_PAGE, DS_TITLE, DS_PATH, DS_ACTION, XID_PARENT) VALUES(14, 'Administração de Retiro', '/retreat/admin', 'Administração de Retiro', null);

INSERT INTO TB_PAGE(ID_PAGE, DS_TITLE, DS_PATH, DS_ACTION, XID_PARENT) VALUES(15, 'Adição de Candidato', '/candidate/add', 'Cadastra Candidato', null);
INSERT INTO TB_PAGE(ID_PAGE, DS_TITLE, DS_PATH, DS_ACTION, XID_PARENT) VALUES(16, 'Alteração de Candidato', '/candidate/edit', 'Altera Candidato', null);
INSERT INTO TB_PAGE(ID_PAGE, DS_TITLE, DS_PATH, DS_ACTION, XID_PARENT) VALUES(17, 'Administração de Candidato', '/candidate/admin', 'Administração de Candidato', null);

INSERT INTO TB_PAGE(ID_PAGE, DS_TITLE, DS_PATH, DS_ACTION, XID_PARENT) VALUES(27, 'Administração de Relatório', '/report/admin', 'Administração de Relatório', null);
